config,semente,limiar,val_acuracia,val_recall_medio,acuracia,rec_saudavel,rec_atencao,rec_perigoso,graves,enviados,tri_recall,tri_precisao,rmse,mae,score,segundos
limiar_auto,42,0.45,0.8337047353760446,0.8313039832285116,0.79,0.8529411764705882,0.5833333333333334,0.9666666666666667,0,60,0.8333333333333334,0.9166666666666666,14.465311231349347,9.936971855163574,154.59289965878673,114.4
cru,42,0.5,0.8378830083565459,0.8304905660377359,0.79,0.9117647058823529,0.5277777777777778,0.9666666666666667,0,56,0.803030303030303,0.9464285714285714,14.133137882447517,9.456070968082972,141.13624580190927,116.6
suavizacao,42,0.5,0.835933147632312,0.8238280922431866,0.8,0.9705882352941176,0.5,0.9666666666666667,0,53,0.7878787878787878,0.9811320754716981,12.880340751154488,8.224371991067562,111.45399212312576,124.3
limiar_auto,43,0.3,0.8331476323119777,0.8388008385744236,0.81,0.7647058823529411,0.7222222222222222,0.9666666666666667,0,68,0.9090909090909091,0.8823529411764706,19.727653690078892,12.941821981878842,465.35223058454346,120.9
suavizacao,43,0.5,0.8342618384401114,0.8189832285115304,0.79,0.9705882352941176,0.4722222222222222,0.9666666666666667,0,52,0.7727272727272727,0.9807692307692307,12.858920612064784,8.349252929767736,111.25067515834094,113.4
cru,43,0.5,0.8395543175487465,0.8243270440251572,0.8,0.9411764705882353,0.5277777777777778,0.9666666666666667,0,55,0.803030303030303,0.9636363636363636,14.487911663855913,9.122203532132236,162.71319156709,125.1
suavizacao,44,0.5,0.8217270194986073,0.8043542976939203,0.77,0.9705882352941176,0.3888888888888889,1.0,0,49,0.7272727272727273,0.9795918367346939,12.437960165495653,7.50785139628819,100.10670298788854,118.7
limiar_auto,44,0.4,0.8337047353760446,0.8273459119496854,0.85,0.9411764705882353,0.6388888888888888,1.0,0,58,0.8484848484848485,0.9655172413793104,14.406827760593124,9.390162854359067,158.84528309497136,122.8
cru,44,0.5,0.8250696378830084,0.8095911949685535,0.82,0.9705882352941176,0.5277777777777778,1.0,0,53,0.7878787878787878,0.9811320754716981,12.497386247433447,8.101007524526343,106.2230909558291,121.6
suavizacao,45,0.5,0.8298050139275766,0.8329454926624739,0.81,0.7352941176470589,0.75,0.9666666666666667,0,67,0.8787878787878788,0.8656716417910447,17.59826184244021,12.294489397931455,301.9255570268894,180.3
limiar_auto,45,0.55,0.8278551532033426,0.8304884696016771,0.85,0.8823529411764706,0.7222222222222222,0.9666666666666667,0,61,0.8636363636363636,0.9344262295081968,12.944761425662875,9.550900373302522,127.02457070996356,182.1
cru,45,0.5,0.8200557103064067,0.8275870020964361,0.86,0.8235294117647058,0.8055555555555556,0.9666666666666667,0,66,0.9090909090909091,0.9090909090909091,14.83984767200818,10.681644721464677,190.41479711482015,191.5
limiar_auto,46,0.3,0.8233983286908078,0.8275052410901468,0.84,0.9117647058823529,0.6666666666666666,0.9666666666666667,0,60,0.8636363636363636,0.95,13.934647268926916,9.806906984249752,138.07825243345013,184.6
suavizacao,46,0.5,0.8303621169916434,0.8124612159329141,0.78,0.9705882352941176,0.4444444444444444,0.9666666666666667,0,50,0.7424242424242424,0.98,12.239352159817182,8.026039633750916,98.74611744123797,190.1
cru,46,0.5,0.8292479108635098,0.8144675052410902,0.78,0.9411764705882353,0.4722222222222222,0.9666666666666667,0,52,0.7575757575757576,0.9615384615384616,13.267717096837785,8.812420439261656,113.76041901556742,189.3
margem20,42,0.5,0.8270194986072423,0.817490566037736,0.82,0.9117647058823529,0.5833333333333334,1.0,0,56,0.803030303030303,0.9464285714285714,11.769389633298523,8.320613477911268,102.08047939406762,193.5
janela30,42,0.5,0.8401146131805157,0.8334026845637584,0.78,0.9117647058823529,0.4722222222222222,1.0,0,54,0.7727272727272727,0.9444444444444444,16.248796215009943,10.33474346001943,201.10954598797647,211.0
empilhada,42,0.5,0.8442896935933147,0.8317253668763103,0.77,0.9117647058823529,0.4722222222222222,0.9666666666666667,0,55,0.7878787878787878,0.9454545454545454,14.962116508910098,9.564349196173929,163.34906758975234,284.9
margem20,43,0.5,0.8389972144846797,0.8236603773584905,0.82,0.9411764705882353,0.5555555555555556,1.0,0,55,0.803030303030303,0.9636363636363636,12.794468534605912,8.818379181081598,118.16120707597337,193.6
janela30,43,0.5,0.8475644699140401,0.8407539149888142,0.75,0.9117647058823529,0.4444444444444444,0.9333333333333333,0,52,0.7424242424242424,0.9423076923076923,14.359645758193293,9.728953182697296,131.77462451926507,219.2
empilhada,43,0.5,0.8328690807799443,0.8278301886792453,0.82,0.8529411764705882,0.7222222222222222,0.9,0,62,0.8636363636363636,0.9193548387096774,14.88106563021425,11.061492412321028,178.17121716534942,262.6
margem20,44,0.5,0.8203342618384402,0.8039245283018867,0.81,0.9705882352941176,0.5555555555555556,0.9333333333333333,0,53,0.7878787878787878,0.9811320754716981,12.04668439902217,8.513227134380701,113.14924023286515,210.1
janela30,44,0.5,0.8128939828080229,0.8098478747203579,0.8,0.7352941176470589,0.7222222222222222,0.9666666666666667,0,66,0.8636363636363636,0.8636363636363636,19.441536651791562,13.005555001172153,425.54536710752933,215.7
margem20,45,0.5,0.8116991643454039,0.8175870020964361,0.85,0.8235294117647058,0.7777777777777778,0.9666666666666667,0,66,0.9090909090909091,0.9090909090909091,13.069910935721023,9.391001968672782,145.66195682849738,197.3
empilhada,44,0.5,0.8284122562674094,0.8160649895178197,0.78,0.9411764705882353,0.4444444444444444,1.0,0,52,0.7575757575757576,0.9615384615384616,12.632545662523636,8.262708856509281,101.44185211952248,291.3
janela30,45,0.5,0.8415472779369627,0.8367136465324384,0.81,0.9411764705882353,0.5277777777777778,1.0,0,53,0.7727272727272727,0.9622641509433962,13.613249406811871,8.935976604245743,131.64759978278616,216.8
margem20,46,0.5,0.8289693593314763,0.8141341719077569,0.77,0.9411764705882353,0.4444444444444444,0.9666666666666667,0,52,0.7575757575757576,0.9615384615384616,12.699060347953843,8.474785401270939,106.16797892952138,181.0
janela30,46,0.5,0.8252148997134671,0.8192483221476511,0.77,0.9117647058823529,0.4444444444444444,1.0,0,52,0.7424242424242424,0.9423076923076923,14.72533100703374,9.672976952332716,150.63805003226642,139.6
empilhada,45,0.5,0.8303621169916434,0.8237169811320756,0.78,0.8823529411764706,0.5277777777777778,0.9666666666666667,0,57,0.803030303030303,0.9298245614035088,13.323297702343632,8.735096061438846,133.96869327642545,190.2
empilhada,46,0.5,0.8395543175487465,0.8268008385744235,0.8,0.9411764705882353,0.5555555555555556,0.9333333333333333,0,54,0.7878787878787878,0.9629629629629629,12.632311513843952,8.883908920817905,113.70695044882497,136.6
combinado,42,0.45,0.822841225626741,0.8183039832285116,0.82,0.8529411764705882,0.6388888888888888,1.0,0,60,0.8333333333333334,0.9166666666666666,11.547337040599347,8.183385109901428,104.9991940528099,116.9
combinado,43,0.3,0.8325905292479109,0.8381341719077567,0.83,0.7647058823529411,0.75,1.0,0,68,0.9090909090909091,0.8823529411764706,15.541439110523728,10.575025870519525,225.4278381193272,83.2
combinado_ensemble,42,0.35,0.8298050139275766,0.8309664570230608,0.87,0.8823529411764706,0.7777777777777778,0.9666666666666667,0,64,0.9090909090909091,0.9375,11.661656132634624,8.319738117977977,115.58205199549847,268.4
combinado,44,0.4,0.8289693593314763,0.8216792452830189,0.84,0.9411764705882353,0.6666666666666666,0.9333333333333333,0,58,0.8484848484848485,0.9655172413793104,12.528829197862878,8.785431232945673,129.9058153805451,78.7
combinado,45,0.55,0.8194986072423398,0.8204884696016771,0.84,0.8823529411764706,0.6944444444444444,0.9666666666666667,0,61,0.8636363636363636,0.9344262295081968,11.615524676076435,8.577923141542028,108.05321364195383,82.2
combinado,46,0.3,0.8231197771587744,0.8271719077568135,0.83,0.9117647058823529,0.6388888888888888,0.9666666666666667,0,60,0.8636363636363636,0.95,12.835679037224795,9.015491326649984,125.54532680199173,83.8
combinado_ensemble,43,0.4,0.8331476323119777,0.8350901467505242,0.85,0.8529411764705882,0.75,0.9666666666666667,0,64,0.8939393939393939,0.921875,12.185402143315155,8.726929496973753,125.11706581585787,212.6
combinado_ensemble,44,0.45,0.832033426183844,0.8279433962264151,0.85,0.9117647058823529,0.6944444444444444,0.9666666666666667,0,59,0.8484848484848485,0.9491525423728814,11.706655415460064,8.494825848078323,108.2678838406279,145.7
combinado_ensemble,45,0.45,0.833983286908078,0.8313899371069183,0.85,0.9117647058823529,0.6944444444444444,0.9666666666666667,0,60,0.8636363636363636,0.95,11.791682989816454,8.80326942205429,108.88195022220557,145.8
combinado_ensemble,46,0.35,0.8303621169916434,0.8276750524109016,0.85,0.9117647058823529,0.6944444444444444,0.9666666666666667,0,61,0.8787878787878788,0.9508196721311475,12.593441226508835,9.189928664535772,126.60492118742576,145.8
devolve_peso2,42,0.35,0.8183844011142062,0.8211341719077568,0.87,0.8235294117647058,0.8055555555555556,1.0,0,71,0.9393939393939394,0.8732394366197183,13.011805312319888,9.290074220845398,154.25279284188883,123.5
peso2,42,0.5,0.8233983286908078,0.8155073375262054,0.87,0.9411764705882353,0.6944444444444444,1.0,0,59,0.8636363636363636,0.9661016949152542,11.928297987052796,8.631551993095268,111.3717819806157,124.1
devolve,42,0.3,0.8197771587743733,0.8250272536687632,0.87,0.8235294117647058,0.8055555555555556,1.0,0,70,0.9242424242424242,0.8714285714285714,12.242032685488539,8.764767040525165,135.92607007425397,124.6
devolve,43,0.3,0.8331476323119777,0.8383060796645703,0.83,0.7647058823529411,0.75,1.0,0,68,0.9090909090909091,0.8823529411764706,15.541439110523728,10.575025870519525,225.4278381193272,122.6
devolve_peso2,43,0.65,0.8373259052924791,0.8290817610062894,0.85,0.9117647058823529,0.6666666666666666,1.0,0,60,0.8636363636363636,0.95,12.319081520357022,8.66256215174993,115.72605810128815,124.4
peso2,43,0.5,0.8172701949860725,0.8247484276729559,0.83,0.7647058823529411,0.75,1.0,0,68,0.9090909090909091,0.8823529411764706,14.023045671274206,9.68971979267457,175.90627965445228,126.3
devolve,44,0.25,0.8264623955431755,0.8283270440251572,0.83,0.8529411764705882,0.7222222222222222,0.9333333333333333,0,68,0.8939393939393939,0.8676470588235294,13.754987542042743,9.997804918709923,169.14548995690825,122.8
devolve_peso2,44,0.4,0.8317548746518106,0.830083857442348,0.83,0.8823529411764706,0.6944444444444444,0.9333333333333333,0,67,0.8787878787878788,0.8656716417910447,13.053745476257417,9.498337528598842,152.62428415546182,123.1
peso2,44,0.5,0.824791086350975,0.8206373165618448,0.83,0.9117647058823529,0.6666666666666666,0.9333333333333333,0,59,0.8484848484848485,0.9491525423728814,12.785535405838344,9.091695167250553,134.67597217036734,131.1
devolve,45,0.55,0.8295264623955432,0.8269224318658281,0.85,0.9117647058823529,0.6944444444444444,0.9666666666666667,0,61,0.8636363636363636,0.9344262295081968,11.615524676076435,8.577923141542028,108.05321364195383,122.4
devolve_peso2,45,0.6,0.8264623955431755,0.8299350104821803,0.86,0.8529411764705882,0.7777777777777778,0.9666666666666667,0,66,0.9090909090909091,0.9090909090909091,13.46704570951927,9.345829942009665,167.9849535773037,130.6
peso2,45,0.5,0.7824512534818941,0.8036142557651992,0.77,0.5882352941176471,0.7777777777777778,0.9666666666666667,0,74,0.9090909090909091,0.8108108108108109,16.1906492049498,11.425793937734655,254.88631219023617,126.9
devolve,46,0.35,0.8314763231197771,0.8280188679245283,0.82,0.9117647058823529,0.6111111111111112,0.9666666666666667,0,59,0.8484848484848485,0.9491525423728814,12.875855121425705,8.995607505410405,123.77528149057255,155.5
devolve_peso2,46,0.45,0.8272980501392758,0.8285849056603775,0.83,0.8823529411764706,0.6666666666666666,0.9666666666666667,0,62,0.8787878787878788,0.9354838709677419,13.489153307002777,9.32500183966852,144.38920729850398,159.0
peso2,46,0.5,0.8272980501392758,0.8262348008385745,0.82,0.9117647058823529,0.6111111111111112,0.9666666666666667,0,59,0.8484848484848485,0.9491525423728814,12.825772887990563,8.921769837201651,124.81943790817907,163.0
peso3,42,0.5,0.7977715877437326,0.8115576519916142,0.85,0.7647058823529411,0.8055555555555556,1.0,0,69,0.9242424242424242,0.8840579710144928,12.940803140368686,9.11715036889781,148.49495362058838,56.5
peso3,43,0.5,0.8041782729805014,0.821698113207547,0.81,0.6764705882352942,0.7777777777777778,1.0,0,72,0.9242424242424242,0.8472222222222222,14.452750156146394,10.179702523681852,193.73155612712986,48.7
peso3,44,0.5,0.7963788300835655,0.8097672955974842,0.78,0.6764705882352942,0.75,0.9333333333333333,0,70,0.8939393939393939,0.8428571428571429,14.304285950306246,10.17713966029031,191.88613500669783,48.3
peso3,45,0.5,0.7348189415041783,0.7717232704402516,0.74,0.4411764705882353,0.8333333333333334,0.9666666666666667,0,81,0.9393939393939394,0.7654320987654321,15.552543841140425,11.37056111112053,241.09173612472117,49.0
peso3,46,0.5,0.8206128133704735,0.8220691823899372,0.84,0.9411764705882353,0.6388888888888888,0.9666666666666667,0,59,0.8636363636363636,0.9661016949152542,12.565297043471276,8.72023769960565,121.47396911059673,48.8
devolve_peso2_ensemble,42,0.4,0.8225626740947075,0.8279895178197064,0.86,0.8529411764705882,0.7777777777777778,0.9666666666666667,0,69,0.9242424242424242,0.8840579710144928,13.170030034343004,9.268057310062906,154.98843000996024,146.6
devolve_peso2_ensemble,43,0.55,0.833983286908078,0.833616352201258,0.86,0.9117647058823529,0.7222222222222222,0.9666666666666667,0,62,0.8787878787878788,0.9354838709677419,11.885867715332305,8.513505085822075,114.82899290748301,146.3
devolve_peso2_ensemble,44,0.45,0.8253481894150417,0.83020964360587,0.86,0.8235294117647058,0.8055555555555556,0.9666666666666667,0,67,0.9090909090909091,0.8955223880597015,13.46496343366681,9.552886735147505,154.41255188584952,145.1
devolve_peso2_ensemble,45,0.5,0.8242339832869081,0.8294947589098532,0.87,0.8823529411764706,0.7777777777777778,0.9666666666666667,0,64,0.9090909090909091,0.9375,12.371940726001021,9.09064707532525,126.32664411575696,145.0
devolve_peso2_ensemble,46,0.55,0.833983286908078,0.8247106918238994,0.84,0.9705882352941176,0.6111111111111112,0.9666666666666667,0,56,0.8333333333333334,0.9821428571428571,11.734188709924357,8.483227201870509,104.27174365002286,145.7
